rank,name,year,rating,genre,certificate,run_time,tagline,budget,box_office
1,The Shawshank Redemption,1994,9.3,Drama,R,2h 22m,Fear can hold you prisoner. Hope can set you free.,25000000,28884504
2,The Godfather,1972,9.2,"Crime,Drama",R,2h 55m,An offer you can't refuse.,6000000,250341816
3,The Dark Knight,2008,9,"Action,Crime,Drama",PG-13,2h 32m,Why So Serious?,185000000,1006234167
4,The Godfather Part II,1974,9,"Crime,Drama",R,3h 22m,All the power on earth can't change destiny.,13000000,47961919
5,12 Angry Men,1957,9,"Crime,Drama",Approved,1h 36m,Life Is In Their Hands -- Death Is On Their Minds!,350000,955
6,Schindler's List,1993,9,"Biography,Drama,History",R,3h 15m,"Whoever saves one life, saves the world entire.",22000000,322161245
7,The Lord of the Rings: The Return of the King,2003,9,"Action,Adventure,Drama",PG-13,3h 21m,The eye of the enemy is moving.,94000000,1146457748
8,Pulp Fiction,1994,8.9,"Crime,Drama",R,2h 34m,Girls like me don't make invitations like this to just anyone!,8000000,213928762
9,The Lord of the Rings: The Fellowship of the Ring,2001,8.8,"Action,Adventure,Drama",PG-13,2h 58m,The Legend Comes to Life,93000000,898204420
10,"The Good, the Bad and the Ugly",1966,8.8,"Adventure,Western",Approved,2h 58m,They formed an alliance of hate to steal a fortune in dead man's gold,1200000,25253887
11,Forrest Gump,1994,8.8,"Drama,Romance",PG-13,2h 22m,The story of a lifetime.,55000000,678226465
12,Fight Club,1999,8.8,Drama,R,2h 19m,How much can you know about yourself if you've never been in a fight?,63000000,101209702
13,The Lord of the Rings: The Two Towers,2002,8.8,"Action,Adventure,Drama",PG-13,2h 59m,A New Power Is Rising.,94000000,947944270
14,Inception,2010,8.8,"Action,Adventure,Sci-Fi",PG-13,2h 28m,Your mind is the scene of the crime,160000000,836848102
15,Star Wars: Episode V - The Empire Strikes Back,1980,8.7,"Action,Adventure,Fantasy",PG,2h 4m,The Adventure Continues...,18000000,538375067
16,The Matrix,1999,8.7,"Action,Sci-Fi",R,2h 16m,Free your mind,63000000,467222728
17,Goodfellas,1990,8.7,"Biography,Crime,Drama",R,2h 25m,"""As far back as I can remember, I've always wanted to be a gangster."" -- Henry Hill, Brooklyn, N.Y. 1955.",25000000,47036784
18,One Flew Over the Cuckoo's Nest,1975,8.7,Drama,18+,2h 13m,"If he's crazy, what does that make you?",3000000,109114817
19,Se7en,1995,8.6,"Crime,Drama,Mystery",R,2h 7m,"Long is the way, and hard, that out of hell leads up to light.",33000000,327333559
20,Seven Samurai,1954,8.6,"Action,Drama",Not Rated,3h 27m,Will Take Its Place With the Seven Greatest Films of All Time!,125000000,346258
21,It's a Wonderful Life,1946,8.6,"Drama,Family,Fantasy",PG,2h 10m,"Frank Capra's...""It's a Wonderful Life"".",3180000,8574081
22,The Silence of the Lambs,1991,8.6,"Crime,Drama,Thriller",R,1h 58m,"Dr. Hannibal Lecter. Brilliant. Cunning. Psychotic. In his mind lies the clue to a ruthless killer. - Clarice Starling, FBI. Brilliant. Vulnerable. Alone. She must trust him to stop the killer.",19000000,272742922
23,City of God,2002,8.6,"Crime,Drama",R,2h 10m,"If you run, the beast will get you. If you stay, the beast will eat you",$3300000,30680793
24,Saving Private Ryan,1998,8.6,"Drama,War",R,2h 49m,"In the Last Great Invasion of the Last Great War, The Greatest Danger for Eight Men was Saving... One.",70000000,482349603
25,Interstellar,2014,8.6,"Adventure,Drama,Sci-Fi",PG-13,2h 49m,Mankind was born on Earth. It was never meant to die here.,165000000,773867216
26,Life Is Beautiful,1997,8.6,"Comedy,Drama,Romance",PG-13,1h 56m,"An unforgettable fable that proves love, family and imagination conquer all. (Canadian one sheet)",20000000,230098753
27,The Green Mile,1999,8.6,"Crime,Drama,Fantasy",R,3h 9m,Miracles do happen.,60000000,286801374
28,Star Wars: Episode IV - A New Hope,1977,8.6,"Action,Adventure,Fantasy",PG,2h 1m,It's Back! The Force will be with you for three weeks only. (1979 Reissue Poster),11000000,775398007
29,Terminator 2: Judgment Day,1991,8.6,"Action,Sci-Fi",R,2h 17m,It's nothing personal.,102000000,520881154
30,Back to the Future,1985,8.5,"Adventure,Comedy,Sci-Fi",PG,1h 56m,He's the only kid ever to get into trouble before he was born. [UK],19000000,383336762
31,Spirited Away,2001,8.6,"Animation,Adventure,Family",PG,2h 5m,The tunnel led Chihiro to a mysterious town.,19000000,355822319
32,The Pianist,2002,8.5,"Biography,Drama,Music",R,2h 30m,Music was his passion. Survival was his masterpiece.,35000000,120072577
33,Psycho,1960,8.5,"Horror,Mystery,Thriller",R,1h 49m,The picture you MUST see from the beginning... Or not at all!... For no one will be seated after the start of... Alfred Hitchcock's greatest shocker Psycho.,806947,32052925
34,Parasite,2019,8.5,"Drama,Thriller",R,2h 12m,Misplaced familyhood (Australia/New Zealand/Singapore),11400000,262676096
35,Léon: The Professional,1994,8.5,"Action,Crime,Drama",R,1h 50m,"If you want the job done right, hire a professional.",RF 115000000,19569225
36,The Lion King,1994,8.5,"Animation,Adventure,Drama",G,1h 28m,See it for the first time ever in 3D (2011 3D re-release),45000000,968511805
37,Gladiator,2000,8.5,"Action,Adventure,Drama",R,2h 35m,"Father of a murdered son, husband to a murdered wife and I shall have my vengeance in this life or the next",103000000,503162313
38,American History X,1998,8.5,"Crime,Drama",R,1h 59m,His father taught him to hate. His friends taught him rage. His enemies gave him hope.,20000000,23875127
39,The Departed,2006,8.5,"Crime,Drama,Thriller",R,2h 31m,Lies. Betrayal. Sacrifice. How far will you take it?,90000000,291480452
40,The Usual Suspects,1995,8.5,"Crime,Drama,Mystery",R,1h 46m,The greatest trick the devil ever pulled was to convince the world he didn't exist,6000000,23341568
41,The Prestige,2006,8.5,"Drama,Mystery,Sci-Fi",PG-13,2h 10m,A Friendship That Became a Rivalry.,40000000,109676311
42,Whiplash,2014,8.5,"Drama,Music",R,1h 46m,The road to greatness can take you to the edge,3300000,49396747
43,Casablanca,1942,8.5,"Drama,Romance,War",PG,1h 42m,Where Love Cuts as Deep as a Dagger!,950000,4626532
44,Grave of the Fireflies,1988,8.5,"Animation,Drama,War",Not Rated,1h 29m,imationDramaWar,3700000,516962
45,Harakiri,1962,8.6,"Action,Drama,Mystery",Not Rated,2h 13m,The World Has Never Understood Why the Japanese Prefer Death to Dishonor! This Samurai Picture Provides The Answer!!,Not Available,Not Available
46,The Intouchables,2011,8.5,"Biography,Comedy,Drama",R,1h 52m,Sometimes you have to reach into someone else's world to find out what's missing in your own.,9500000,426588510
47,Modern Times,1936,8.5,"Comedy,Drama,Romance",G,1h 27m,"He stands alone as the greatest entertainer of modern times! No one on earth can make you laugh as heartily or touch your heart as deeply...the whole world laughs, cries and thrills to his priceless genius!",1500000,463618
48,Once Upon a Time in the West,1968,8.5,Western,PG-13,2h 45m,There were three men in her life. One knew her past. One wanted her land. One wanted revenge.,5000000,5435024
49,Rear Window,1954,8.5,"Mystery,Thriller",PG,1h 52m,The Essential Hitchcock,1000000,37034579
50,Cinema Paradiso,1988,8.5,"Drama,Romance",PG,2h 35m,"A celebration of youth, friendship, and the everlasting magic of the movies.",5000000,13019063
51,Alien,1979,8.5,"Horror,Sci-Fi",R,1h 57m,In space no one can hear you scream.,11000000,106285522
52,City Lights,1931,8.5,"Comedy,Drama,Romance",G,1h 27m,"HE RETURNS -And the world rocks again with laughter. (Print Ad-Daily Examiner, ((Grafton, NSW)) 6 July 1931)",1500000,50419
53,Apocalypse Now,1979,8.5,"Drama,Mystery,War",R,2h 27m,The Horror. . . The Horror. . .,31500000,104880868
54,Memento,2000,8.4,"Mystery,Thriller",R,1h 53m,Some memories are best forgotten,9000000,40047078
55,Django Unchained,2012,8.4,"Drama,Western",R,2h 45m,"Life, liberty and the pursuit of vengeance.",100000000,426074373
56,Indiana Jones and the Raiders of the Lost Ark,1981,8.4,"Action,Adventure",PG,1h 55m,Indiana Jones - the new hero from the creators of JAWS and STAR WARS.,18000000,389925971
57,WALL·E,2008,8.4,"Animation,Adventure,Family",G,1h 38m,After 700 years of doing what he was built for - he'll discover what he's meant for.,180000000,521311890
58,The Lives of Others,2006,8.4,"Drama,Mystery,Thriller",R,2h 17m,"Before the Fall of the Berlin Wall, East Germany's Secret Police Listened to Your Secrets",2000000,77356942
59,Sunset Blvd.,1950,8.4,"Drama,Film-Noir",Passed,1h 50m,A Hollywood Story,1752000,300073
60,Paths of Glory,1957,8.4,"Drama,War",Approved,1h 28m,Never has the screen thrust so deeply into the guts of war!,935000,5252
61,The Shining,1980,8.4,"Drama,Horror",R,2h 26m,Iconic terror from the No 1 bestselling writer.,19000000,47335804
62,The Great Dictator,1940,8.4,"Comedy,Drama,War",G,2h 5m,The Comedy Masterpiece!,2000000,970263
63,Avengers: Infinity War,2018,8.4,"Action,Adventure,Sci-Fi",PG-13,2h 29m,An entire universe. Once and for all.,321000000,2052415039
64,Witness for the Prosecution,1957,8.4,"Crime,Drama,Mystery",Approved,1h 56m,The most electrifying entertainment of our time!,3000000,7693
65,Aliens,1986,8.4,"Action,Adventure,Sci-Fi",R,2h 17m,This time there's more.,18500000,131060248
66,Spider-Man: Into the Spider-Verse,2018,8.4,"Animation,Action,Adventure",PG,1h 57m,Enter a universe where more than one wears the mask.,Not Available,Not Available
67,American Beauty,1999,8.4,Drama,R,2h 2m,... look closer,15000000,356296601
68,Dr. Strangelove or: How I Learned to Stop Worrying and Love the Bomb,1964,8.4,"Comedy,War",PG,1h 35m,The comedy classic from celebrated director STANLEY KUBRICK,1800000,9523464
69,The Dark Knight Rises,2012,8.4,"Action,Drama",PG-13,2h 44m,The Legend Ends,250000000,1081169825
70,Oldboy,2003,8.4,"Action,Drama,Mystery",R,2h,"15 years of imprisonment, five days of vengeance",3000000,15421226
71,Inglourious Basterds,2009,8.3,"Adventure,Drama,War",R,2h 33m,Once upon a time in Nazi occupied France...,70000000,321457747
72,Amadeus,1984,8.4,"Biography,Drama,Music",PG,2h 40m,The man... The music... The madness... The murder... The motion picture...,18000000,52066791
73,Coco,2017,8.4,"Animation,Adventure,Comedy",PG,1h 45m,The celebration of a lifetime,175000000,814337054
74,Toy Story,1995,8.3,"Animation,Adventure,Comedy",G,1h 21m,"""Oooh...3-D"" (USA 2009 re-release)",30000000,394436586
75,Joker,2019,8.4,"Crime,Drama,Thriller",R,2h 2m,Put on a happy face.,55000000,1074458282
76,Braveheart,1995,8.4,"Biography,Drama,History",R,2h 58m,The story of a man with a free soul...and with the courage to follow it.,72000000,213216216
77,The Boat,1981,8.4,"Drama,War",Not Available,Not Available,"This is the story of 42 raw recruits caught up in a war they didn't understand, and the Captain who must lead them in their struggle to survive.",EM 32000000,11487676
78,Avengers: Endgame,2019,8.4,"Action,Adventure,Drama",PG-13,3h 1m,Avenge the fallen.,356000000,2799439100
79,Princess Mononoke,1997,8.4,"Animation,Action,Adventure",PG-13,2h 14m,Live on.,2400000000,170005875
80,Once Upon a Time in America,1984,8.3,"Crime,Drama",R,3h 49m,"Crime, passion and lust for power - Sergio Leone's explosive saga of gangland America.",30000000,5473337
81,Good Will Hunting,1997,8.3,"Drama,Romance",R,2h 6m,"Some people can never believe in themselves, until someone believes in them.",Not Available,Not Available
82,Your Name.,2016,8.4,"Animation,Drama,Fantasy",TV-PG,1h 46m,"Experience Japan's #1 film of 2016, from visionary director Makoto Shinkai",Not Available,Not Available
83,3 Idiots,2009,8.4,"Comedy,Drama",PG-13,2h 50m,Don't be Stupid. Be an I.D.I.O.T.,550000000,60262836
84,Singin' in the Rain,1952,8.3,"Comedy,Musical,Romance",G,1h 43m,Singin' Swingin' Glorious Feelin' Technicolor Musical,2540800,2000288
85,Requiem for a Dream,2000,8.3,Drama,Unrated,1h 42m,From the director of [Pi],4500000,7390108
86,Toy Story 3,2010,8.3,"Animation,Adventure,Comedy",G,1h 43m,The Breakout Comedy Of The Summer,200000000,1067316101
87,High and Low,1963,8.4,"Crime,Drama,Mystery",Not Rated,2h 23m,142 Screenful Minutes of Thrills and Suspense!,Not Available,Not Available
88,Capernaum,2018,8.4,Drama,R,2h 6m,"""Why are you suing your parents?"" ""For giving me life.""",Not Available,Not Available
89,Star Wars: Episode VI - Return of the Jedi,1983,8.3,"Action,Adventure,Fantasy",PG,2h 11m,"Coming May 25, 1983 to your galaxy. [Second Advance poster]",32500000,475106177
90,Eternal Sunshine of the Spotless Mind,2004,8.3,"Drama,Romance,Sci-Fi",R,1h 48m,I already forget how I used to feel about you.,20000000,74036715
91,2001: A Space Odyssey,1968,8.3,"Adventure,Sci-Fi",G,2h 29m,Let the Awe and Mystery of a Journey Unlike Any Other Begin,12000000,65889846
92,Reservoir Dogs,1992,8.3,"Crime,Thriller",R,1h 39m,Seven Total Strangers Team Up For The Perfect Crime. They Don't Know Each Other's Name. But They've Got Each Other's Color,1200000,2913644
93,Come and See,1985,8.4,"Drama,Thriller,War",Not Rated,2h 22m,The cruelest side of war.,Not Available,Not Available
94,The Hunt,2012,8.3,Drama,R,1h 55m,The lie is spreading.,Not Available,Not Available
95,Citizen Kane,1941,8.3,"Drama,Mystery",PG,1h 59m,Radio's Most Dynamic Artist . . The Man At Whose Voice A Nation Trembled . . . Now the screen's most exciting NEW star ! ORSON WELLES in the picture Hollywood said he'd never make,839727,1645133
96,M,1931,8.3,"Crime,Mystery,Thriller",Passed,1h 39m,IT STAGGERS THE SENSES!...SHOCKS the Imagination - It will leave you Gasping - It is the Sensation of 3 Continents!,Not Available,35566
97,Lawrence of Arabia,1962,8.3,"Adventure,Biography,Drama",Approved,3h 38m,A Mighty Motion Picture Of Action And Adventure!,15000000,45720631
98,North by Northwest,1959,8.3,"Action,Adventure,Mystery",Approved,2h 16m,Alfred Hitchcock takes you.... North by Northwest!,3101000,142319
99,Vertigo,1958,8.3,"Mystery,Romance,Thriller",PG,2h 8m,A Hitchcock thriller. You should see it from the beginning!,2479000,7798146
100,Ikiru,1952,8.3,Drama,Not Rated,2h 23m,One of the Great Films of Our Time!,Not Available,96302
101,Amélie,2001,8.3,"Comedy,Romance",R,2h 2m,One person can change your life forever.,10000000,174122191
102,The Apartment,1960,8.3,"Comedy,Drama,Romance",Approved,2h 5m,"Movie-wise, there has never been anything like ""THE APARTMENT"" love-wise, laugh-wise or otherwise-wise!",3000000,18778738
103,A Clockwork Orange,1971,8.3,"Crime,Sci-Fi",X,2h 16m,"Being the adventures of a young man ... who couldn't resist pretty girls ... or a bit of the old ultra-violence ... went to jail, was re-conditioned ... and came out a different young man ... or was he ?",2200000,26960374
104,Double Indemnity,1944,8.3,"Crime,Drama,Film-Noir",Passed,1h 47m,"IT'S LOVE AND MURDER AT FIRST SIGHT! (print ad - Lubbock Morning Avalanche - Lindsey Theatre - Lubbock, Texas - September 1, 1944 - all caps)",927262,14651
105,Full Metal Jacket,1987,8.3,"Drama,War",R,1h 56m,An Epic Story of the Vietnam War [Australia Theatrical],30000000,46358827
106,Top Gun: Maverick,2022,8.3,"Action,Drama",PG-13,2h 10m,Feel the need... The need for speed.,170000000,1488732821
107,Scarface,1983,8.3,"Crime,Drama",R,2h 50m,He was Tony Montana. The world will remember him by another name...SCARFACE.,25000000,65884703
108,Hamilton,2020,8.4,"Biography,Drama,History",PG-13,2h 40m,An American Musical,Not Available,Not Available
109,Incendies,2010,8.3,"Drama,Mystery",R,2h 11m,The search began at the opening of their mother's will.,6800000,6788659
110,To Kill a Mockingbird,1962,8.3,"Crime,Drama",Approved,2h 9m,The most beloved and widely read Pulitzer Prize Winner now comes vividly alive on the screen!,2000000,599146
111,Heat,1995,8.3,"Action,Crime,Drama",R,2h 50m,An L.A. Redemption,60000000,187436818
112,The Sting,1973,8.3,"Comedy,Crime,Drama",PG,2h 9m,"Recapture ""the STING Experience"". REMEMBER HOW GOOD THE FEEL WAS THE FIRST TIME (re-release)",5500000,156000000
113,Up,2009,8.3,"Animation,Adventure,Comedy",PG,1h 36m,Fly Up to Venezuela,175000000,735099102
114,A Separation,2011,8.3,Drama,PG-13,2h 3m,"Ugly truth, sweet lies",500000,22926076
115,Metropolis,1927,8.3,"Drama,Sci-Fi",Not Rated,2h 33m,Fritz Lang's 1927 Masterpiece Now With 25 Minutes of Lost Footage (2010 re-release),EM 6000000,1349711
116,Taxi Driver,1976,8.2,"Crime,Drama",R,1h 54m,"On every street in every city in this country, there's a nobody who dreams of being a somebody.",1300000,28570902
117,L.A. Confidential,1997,8.2,"Crime,Drama,Mystery",R,2h 18m,"Off the record, on the QT, and very hush-hush...",35000000,126216940
118,Die Hard,1988,8.2,"Action,Thriller",R,2h 12m,It will blow you through the back wall of the theater!,28000000,141603197
119,Snatch,2000,8.2,"Comedy,Crime",R,1h 42m,Stealin' Stones and Breakin' Bones,6000000,83557872
120,Indiana Jones and the Last Crusade,1989,8.2,"Action,Adventure",PG-13,2h 7m,He's back in an all new adventure. Memorial Day 1989.,48000000,474171806
121,Bicycle Thieves,1948,8.3,Drama,Not Rated,1h 29m,The Prize Picture They Want to Censor!,133000,436655
122,Like Stars on Earth,2007,8.3,"Drama,Family",PG,2h 45m,Every Child is Special,Not Available,21897373
123,1917,2019,8.2,"Action,Drama,War",R,1h 59m,Time is the enemy.,95000000,384479940
124,Downfall,2004,8.2,"Biography,Drama,History",R,2h 36m,"April 1945, a nation awaits its...",13500000,92181574
125,Dangal,2016,8.3,"Action,Biography,Drama",Not Rated,2h 41m,You think our girls are any lesser than boys?,Not Available,Not Available
126,For a Few Dollars More,1965,8.2,Western,R,2h 12m,The man with no name is back.,600000,15000000
127,Batman Begins,2005,8.2,"Action,Crime,Drama",PG-13,2h 20m,The Legend Begins,150000000,373672993
128,The Kid,1921,8.3,"Comedy,Drama,Family",Passed,1h 8m,This is the great film he has been working on for a whole year,250000,41960
129,Some Like It Hot,1959,8.2,"Comedy,Music,Romance",Passed,2h 1m,"Not since SCARFACE, so much action. Not since the Marx Brothers, so much comedy. Not since THE SEVEN YEAR ITCH, so much Marilyn.",2883848,195088
130,The Father,2020,8.2,"Drama,Mystery",PG-13,1h 37m,Nothing is as it seems,6000000,24427162
131,All About Eve,1950,8.2,Drama,Passed,2h 18m,It's all about women---and their men!,1400000,151052
132,The Wolf of Wall Street,2013,8.2,"Biography,Comedy,Crime",R,3h,Earn. Spend. Party.,100000000,406878233
133,Green Book,2018,8.2,"Biography,Comedy,Drama",PG-13,2h 10m,Inspired by a True Friendship,23000000,321752656
134,Judgment at Nuremberg,1961,8.3,"Drama,War",Approved,2h 59m,More than a motion picture...It is an overwhelming experience in human emotion you will never forget!,3000000,12180
135,Casino,1995,8.2,"Crime,Drama",R,2h 58m,You don't stay at the top forever,52000000,116112375
136,Ran,1985,8.2,"Action,Drama,War",R,2h 42m,tionDramaWar,11500000,4164283
137,Pan's Labyrinth,2006,8.2,"Drama,Fantasy,War",R,1h 58m,What happens when make-believe believes it's real?,19000000,83862032
138,The Truman Show,1998,8.2,"Comedy,Drama",PG,1h 43m,All the world's a stage...,60000000,264118201
139,There Will Be Blood,2007,8.2,Drama,R,2h 38m,There Will Be Greed. There Will Be Vengeance.,25000000,76182388
140,Unforgiven,1992,8.2,"Drama,Western",R,2h 10m,"It's a hell of a thing, killing a man",14400000,159167799
141,The Sixth Sense,1999,8.2,"Drama,Mystery,Thriller",PG-13,1h 47m,"""I see dead people""",40000000,672806432
142,Shutter Island,2010,8.2,"Mystery,Thriller",R,2h 18m,Someone is missing.,80000000,294805697
143,A Beautiful Mind,2001,8.2,"Biography,Drama",PG-13,2h 15m,The Only Thing Greater Than the Power of the Mind is the Courage of the Heart,58000000,316791257
144,Jurassic Park,1993,8.2,"Action,Adventure,Sci-Fi",PG-13,2h 7m,Life finds a way.,63000000,1109802321
145,Yojimbo,1961,8.2,"Action,Drama,Thriller",Not Rated,1h 50m,Better if all these men were dead. Think about it!,Not Available,46808
146,The Treasure of the Sierra Madre,1948,8.2,"Adventure,Drama,Western",Passed,2h 6m,Storming to a New High in High Adventure !,3000000,5014000
147,Monty Python and the Holy Grail,1975,8.2,"Adventure,Comedy,Fantasy",PG,1h 31m,You can do worse than see it.,229575,1940906
148,The Great Escape,1963,8.2,"Adventure,Drama,History",Approved,2h 52m,put a fence in front of these men...and they'll climb it...,4000000,228178
149,No Country for Old Men,2007,8.2,"Crime,Drama,Thriller",R,2h 2m,There Are No Clean Getaways,25000000,171627434
150,Spider-Man: No Way Home,2021,8.2,"Action,Adventure,Fantasy",PG-13,2h 28m,The Multiverse Unleashed.,200000000,1921847111
151,Kill Bill: Vol. 1,2003,8.2,"Action,Crime,Drama",R,1h 51m,"In the year 2003, Uma Thurman will kill Bill",30000000,180906076
152,Rashomon,1950,8.2,"Crime,Drama,Mystery",Not Rated,1h 28m,"The husband, the wife...or the bandit?",250000,81379
153,The Thing,1982,8.2,"Horror,Mystery,Sci-Fi",R,1h 49m,Anytime. Anywhere. Anyone.,15000000,19632715
154,Finding Nemo,2003,8.2,"Animation,Adventure,Comedy",G,1h 40m,71% of the Earth's surface is covered by water. That's a lot of space to find one fish.,94000000,941637960
155,The Elephant Man,1980,8.2,"Biography,Drama",PG,2h 4m,An incredible but true story... probably this year's best film.,5000000,26023860
156,Chinatown,1974,8.2,"Drama,Mystery,Thriller",R,2h 10m,You get tough. You get tender. You get close to each other. Maybe you even get close to the truth.,6000000,29225935
157,Raging Bull,1980,8.2,"Biography,Drama,Sport",R,2h 9m,ographyDramaSport,18000000,23402427
158,V for Vendetta,2005,8.2,"Action,Drama,Sci-Fi",R,2h 12m,"Remember, remember the 5th of November, the gun powder treason and plot. I know of no reason why the gun powder treason should ever be forgot.",54000000,134686457
159,Gone with the Wind,1939,8.2,"Drama,Romance,War",Passed,3h 58m,"For the thousands who remember its unparalleled drama, action and romance! For the new thousands to whom the wonders will be revealed for the first time! Breathtaking spectacle, inspired acting by the greatest cast ever assembled! The screen's most exciting love story! The most-talked about picture ever made! [reissue]",3977000,402382193
160,"Lock, Stock and Two Smoking Barrels",1998,8.2,"Action,Comedy,Crime",R,1h 47m,A Disgrace to Criminals Everywhere.,960000,3753929
161,Inside Out,2015,8.2,"Animation,Adventure,Comedy",PG,1h 35m,Meet the little voices inside your head.,175000000,858848019
162,Dial M for Murder,1954,8.2,"Crime,Thriller",PG,1h 45m,Kiss By Kiss...Supreme Suspense Unfurls!,1400000,31207
163,The Secret in Their Eyes,2009,8.2,"Drama,Mystery,Romance",R,2h 9m,Un crimen sin castigo. Un amor puro. Una historia que no debe morir. [A crime without a punishment. A pure love. A story that must not die.],Not Available,Not Available
164,Howl's Moving Castle,2004,8.2,"Animation,Adventure,Family",PG,1h 59m,imationAdventureFamilyFantasy,24000000,237536126
165,"Three Billboards Outside Ebbing, Missouri",2017,8.1,"Comedy,Crime,Drama",R,1h 55m,medyCrimeDrama,15000000,162861289
166,The Bridge on the River Kwai,1957,8.2,"Adventure,Drama,War",PG,2h 41m,"The towering triumph of adventure from the makers of ""Lawrence of Arabia.""",3000000,27200000
167,Trainspotting,1996,8.1,Drama,R,1h 33m,"Choose life. Choose a job. Choose a starter home. Choose dental insurance, leisure wear and matching luggage. Choose your future. But why would anyone want to do a thing like that?",1500000,16767475
168,Prisoners,2013,8.1,"Crime,Drama,Mystery",R,2h 33m,Every moment matters,46000000,122126687
169,Warrior,2011,8.2,"Action,Drama,Sport",PG-13,2h 20m,Fight for Country,25000000,23308615
170,Fargo,1996,8.1,"Crime,Thriller",R,1h 38m,A homespun murder story.,7000000,60611975
171,Gran Torino,2008,8.1,Drama,R,1h 56m,ma,33000000,269958228
172,My Neighbor Totoro,1988,8.1,"Animation,Comedy,Family",G,1h 26m,imationComedyFamilyFantasy,Not Available,Not Available
173,Catch Me If You Can,2002,8.1,"Biography,Crime,Drama",PG-13,2h 21m,The true story of a real fake.,Not Available,Not Available
174,Million Dollar Baby,2004,8.1,"Drama,Sport",PG-13,2h 12m,"Beyond his silence, there is a past. Beyond her dreams, there is a feeling. Beyond hope, there is a memory. Beyond their journey, there is a love.",30000000,216763646
175,Children of Heaven,1997,8.2,"Drama,Family,Sport",PG,1h 29m,A Little Secret...Their Biggest Adventure!,Not Available,Not Available
176,Blade Runner,1982,8.1,"Action,Drama,Sci-Fi",R,1h 57m,A Futuristic Vision Perfected [2007 Final Cut],28000000,41722424
177,The Gold Rush,1925,8.1,"Adventure,Comedy,Drama",Passed,1h 35m,"""The Picture I Want to Be Remembered by."" -Charlie Chaplin. (Print Ad- Calgary Daily Herald, ((Calgary, Alta.)) 30 December 1925)",923000,29328
178,Before Sunrise,1995,8.1,"Drama,Romance",R,1h 41m,Jump on and live a Eurorail journey you will never forget!,2500000,5987386
179,12 Years a Slave,2013,8.1,"Biography,Drama,History",R,2h 14m,The extraordinary true story of Solomon Northup,20000000,187733202
180,Klaus,2019,8.2,"Animation,Adventure,Comedy",PG,1h 36m,Discover the friendship that launched a legend.,Not Available,Not Available
181,Harry Potter and the Deathly Hallows: Part 2,2011,8.1,"Adventure,Family,Fantasy",PG-13,2h 10m,It All Ends Here,125000000,1342359942
182,On the Waterfront,1954,8.1,"Crime,Drama,Thriller",Approved,1h 48m,The Man Lived by the Jungle Law of the Docks!,910000,910000 (estimated)
183,Ben-Hur,1959,8.1,"Adventure,Drama",G,3h 32m,A Tale of the Christ,15000000,74437720
184,Gone Girl,2014,8.1,"Drama,Mystery,Thriller",R,2h 29m,You don't know what you've got 'til it's...,Not Available,Not Available
185,The Grand Budapest Hotel,2014,8.1,"Adventure,Comedy,Crime",R,1h 39m,ventureComedyCrime,25000000,173082189
186,Wild Strawberries,1957,8.1,"Drama,Romance",Not Rated,1h 31m,"""We are such stuff as dreams are made on, and our little life is rounded with a sleep."" Shakespeare - The Tempest",Not Available,60418
187,The General,1926,8.1,"Action,Adventure,Comedy",Passed,1h 7m,"Buster drives ""The General"" to trainload of laughter. (Trade paper ad).",750000,750000 (estimated)
188,The Third Man,1949,8.1,"Film-Noir,Mystery,Thriller",Approved,1h 33m,Carol Reed's Classic Thriller,Not Available,1226507
189,In the Name of the Father,1993,8.1,"Biography,Crime,Drama",R,2h 13m,Falsely accused.  Wrongly imprisoned.  He fought for justice to clear his father's name.,Not Available,Not Available
190,The Deer Hunter,1978,8.1,"Drama,War",R,3h 3m,One of the most important and powerful films of all time!,15000000,49074379
191,Barry Lyndon,1975,8.1,"Adventure,Drama,War",PG,3h 5m,At long last Redmond Barry became a gentleman -- and that was his tragedy.,11000000,199632
192,Hacksaw Ridge,2016,8.1,"Biography,Drama,History",R,2h 19m,Based on the incredible true story.,40000000,180563636
193,The Wages of Fear,1953,8.2,"Adventure,Drama,Thriller",Not Rated,2h 11m,The complete restored version of the 1953 French classic [reissue],Not Available,1098
194,Memories of Murder,2003,8.1,"Crime,Drama,Mystery",Not Rated,2h 12m,"1986 in a small town...for two detectives, everything was new.",2800000,1166717
195,Sherlock Jr.,1924,8.2,"Action,Comedy,Romance",Passed,45m,every inch of footage holds such a laugh!,Not Available,Not Available
196,Wild Tales,2014,8.1,"Comedy,Drama,Thriller",R,2h 2m,We can all lose control,Not Available,Not Available
197,Mr. Smith Goes to Washington,1939,8.1,"Comedy,Drama",Passed,2h 9m,"OUR OPERATOR SAYS..""IT'S GOING TO BE A PLEASURE TO RUN ""MR. SMITH GOES TO WASHINGTON"" 5 DAYS STARTING SUNDAY, NOV.7) (print ad - Lubbock Morning Avalanche - Cactus Theatre - Lubbock Texas - November 2, 1938 - all caps)",1900000,144738
198,Mad Max: Fury Road,2015,8.1,"Action,Adventure,Sci-Fi",R,2h,WHAT A LOVELY DAY (all caps One Sheet),150000000,415261382
199,The Seventh Seal,1957,8.1,"Drama,Fantasy",Not Rated,1h 36m,"A film of visual scope, of imaginative concept, of powerful content, written and directed by Ingmar Bergman, twice honored by the Interational Jury at the Cannes Film Festival 1956,1957",150000,311212
200,Mary and Max,2009,8.1,"Animation,Comedy,Drama",Not Rated,1h 32m,Two unlikely people. Two different worlds come together in a story about a most unusual friendship.,$8240000,1740429
201,How to Train Your Dragon,2010,8.1,"Animation,Action,Adventure",PG,1h 38m,One adventure will change two worlds,165000000,494879471
202,Room,2015,8.1,"Drama,Thriller",R,1h 58m,Love knows no boundaries,13000000,35401758
203,"Monsters, Inc.",2001,8.1,"Animation,Adventure,Comedy",G,1h 32m,"Monsters, Inc. : We Scare Because We Care",115000000,579707738
204,Jaws,1975,8.1,"Adventure,Thriller",PG,2h 4m,Amity Island had everything. Clear skies. Gentle surf. Warm water. People flocked there every summer. It was the perfect feeding ground.,7000000,476512065
205,Dead Poets Society,1989,8.1,"Comedy,Drama",PG,2h 8m,He was their inspiration. He made their lives extraordinary.,16400000,235860116
206,The Big Lebowski,1998,8.1,"Comedy,Crime",R,1h 57m,Hay quienes tratan de ganarse la vida sin mover un dedo... otros tienen que cortarlos. (Mexico),15000000,46969409
207,Tokyo Story,1953,8.2,Drama,Not Rated,2h 16m,"As long as life goes on, relationships between parents and children will bring boundless joy and endless grief.",Not Available,Not Available
208,The Passion of Joan of Arc,1928,8.2,"Biography,Drama,History",Passed,1h 54m,JOAN of ARC PICTURES Inc. presents,Not Available,Not Available
209,Hotel Rwanda,2004,8.1,"Biography,Drama,History",PG-13,2h 1m,"When a country descended into madness and the world turned its back, one man had to make a choice",17500000,33882243
210,Ford v Ferrari,2019,8.1,"Action,Biography,Drama",PG-13,2h 32m,They took the American dream for a ride.,97600000,225508210
211,Rocky,1976,8.1,"Drama,Sport",PG,2h,You have a ringside seat for the bloodiest bicentennial in history!,960000,117250402
212,Platoon,1986,8.1,"Drama,War",R,2h,The first casualty of war is innocence.,6000000,138545632
213,Ratatouille,2007,8.1,"Animation,Adventure,Comedy",G,1h 51m,Dinner is served... Summer 2007,150000000,623726085
214,Spotlight,2015,8.1,"Biography,Crime,Drama",R,2h 9m,Break the story. Break the silence.,20000000,98690254
215,The Terminator,1984,8.1,"Action,Sci-Fi",R,1h 47m,"La sua missione e una sola: distruggere, uccidere... (His one and only mission: to destroy, to kill...) (Italian DVD)",6400000,78371200
216,Logan,2017,8.1,"Action,Drama,Sci-Fi",R,2h 17m,His time has come,97000000,619179950
217,Stand by Me,1986,8.1,"Adventure,Drama",13+,1h 29m,"For some, it's the last real taste of innocence, and the first real taste of life. But for everyone, it's the time that memories are made of.",8000000,52287414
218,Rush,2013,8.1,"Action,Biography,Drama",R,2h 3m,Everyone's driven by something.,38000000,96983009
219,Network,1976,8.1,Drama,R,2h 1m,"""NETWORK""... the humanoids, the love story, the trials and tribulations, the savior of television, the attempted suicides, the assassination -- it's ALL coming along with a galaxy of stars you know and love!",3800000,23690757
220,Into the Wild,2007,8.1,"Adventure,Biography,Drama",R,2h 28m,Into the heart Into the soul,15000000,56675895
221,Before Sunset,2004,8.1,"Drama,Romance",R,1h 20m,What if you had a second chance with the one that got away?,Not Available,Not Available
222,The Wizard of Oz,1939,8.1,"Adventure,Family,Fantasy",G,1h 42m,Mighty Miracle Show Of 1000 Delights !,2777000,25637669
223,Pather Panchali,1955,8.3,Drama,Not Rated,2h 5m,The Saga of an Indian Family,Not Available,135342
224,Groundhog Day,1993,8.1,"Comedy,Drama,Fantasy",PG,1h 41m,What would you do if you were stuck in the same day... over and over? Anything you want and everything your heart desires.,14600000,71108591
225,The Best Years of Our Lives,1946,8.1,"Drama,Romance,War",Approved,2h 50m,THE SCREEN'S GREATEST LOVE STORY IS THE BEST FILM THIS YEAR FROM HOLLYWOOD!,2100000,23661347
226,The Exorcist,1973,8.1,Horror,R,2h 2m,The movie you've been waiting for...without the wait.,11000000,441306145
227,The Incredibles,2004,8,"Animation,Action,Adventure",PG,1h 55m,Save The Day,92000000,631607053
228,To Be or Not to Be,1942,8.2,"Comedy,Romance,War",Passed,1h 39m,The Picture Everyone Wants To See.,Not Available,Not Available
229,La haine,1995,8.1,"Crime,Drama",Not Rated,1h 38m,"So far, so good",Not Available,Not Available
230,The Battle of Algiers,1966,8.1,"Drama,War",Not Rated,2h 1m,The French Colonel...who was forced even to torture! One of the many women...who stopped at nothing to win! The Algerian Street Boy...who became a rebel hero!,800000,962002
231,Pirates of the Caribbean: The Curse of the Black Pearl,2003,8.1,"Action,Adventure,Fantasy",PG-13,2h 23m,Prepare to be blown out of the water.,140000000,654264015
232,Hachi: A Dog's Tale,2009,8.1,"Biography,Drama,Family",G,1h 33m,"A true story of faith, devotion and undying love.",Not Available,Not Available
233,The Grapes of Wrath,1940,8.1,Drama,Passed,2h 9m,The thousands who have read the book will know why WE WILL NOT SELL ANY CHILDREN TICKETS to see this picture!,800000,800000 (estimated)
234,Jai Bhim,2021,8.8,"Crime,Drama,Mystery",TV-MA,2h 44m,imeDramaMystery,Not Available,Not Available
235,My Father and My Son,2005,8.2,"Drama,Family",Not Rated,1h 52m,"Give him a room dad, he has no place to go...",Not Available,Not Available
236,Amores Perros,2000,8.1,"Drama,Thriller",R,2h 34m,Love. Betrayal. Death.,2000000,20908467
237,Rebecca,1940,8.1,"Drama,Film-Noir,Mystery",Approved,2h 10m,"THE MIGHTY NOVEL LEAPS TO TURBULENT LIFE ON THE SCREEN! (Print Ad- Syracuse Herald-American, ((Syracuse, NY)) 24 March 1940)",1288000,72275
238,Cool Hand Luke,1967,8.1,"Crime,Drama",GP,2h 7m,"""What we've got here is failure to communicate.""",3200000,67
239,The Handmaiden,2016,8.1,"Drama,Romance,Thriller",Not Rated,2h 25m,Never did they expect to get into a controversial relationship...,Not Available,Not Available
240,The 400 Blows,1959,8.1,"Crime,Drama",Not Rated,1h 39m,From the Vanguard of New Film-Makers Comes an Extraordinary Motion Picture,Not Available,127244
241,The Sound of Music,1965,8.1,"Biography,Drama,Family",G,2h 52m,RADIANCE THAT FLOODS THE SCREEN...AND WARMS THE HEART!,8200000,159428329
242,It Happened One Night,1934,8.1,"Comedy,Romance",Passed,1h 45m,Two great lovers of the screen in the grandest of romantic comedies !,325000,11477
243,Persona,1966,8.1,"Drama,Thriller",Not Rated,1h 23m,A new film by Ingmar Bergman,Not Available,Not Available
244,Life of Brian,1979,8,Comedy,R,1h 34m,A motion picture destined to offend nearly two thirds of the civilized world. And severely annoy the other third.,4000000,20745728
245,The Iron Giant,1999,8.1,"Animation,Action,Adventure",PG,1h 26m,Some secrets are too huge to hide,70000000,23335817
246,The Help,2011,8.1,Drama,PG-13,2h 26m,Change begins with a whisper.,25000000,216639112
247,Dersu Uzala,1975,8.2,"Adventure,Biography,Drama",G,2h 22m,There is man and beast at nature's mercy. There is awe and love and reverence. And there is the man called...,4000000,14480
248,Aladdin,1992,8,"Animation,Adventure,Comedy",G,1h 30m,Wish granted! (DVD re-release),Not Available,Not Available
249,Gandhi,1982,8,"Biography,Drama,History",PG,3h 11m,His Triumph Changed The World Forever.,22000000,52767889
250,Dances with Wolves,1990,8,"Adventure,Drama,Western",PG-13,3h 1m,Inside everyone is a frontier waiting to be discovered.,22000000,424208848
